time,station,land,year,month
1880.04,-0.25,-0.18,1880,1
1880.13,-0.44,-0.24,1880,2
1880.21,-0.31,-0.09,1880,3
1880.29,-0.51,-0.16,1880,4
1880.38,-0.23,-0.1,1880,5
1880.46,-0.39,-0.22,1880,6
1880.54,-0.32,-0.18,1880,7
1880.63,0.25,-0.1,1880,8
1880.71,-0.36,-0.14,1880,9
1880.79,-0.6,-0.23,1880,10
1880.88,-0.27,-0.22,1880,11
1880.96,-0.28,-0.18,1880,12
1881.04,-0.63,-0.19,1881,1
1881.13,-0.21,-0.14,1881,2
1881.21,-0.11,0.03,1881,3
1881.29,-0.06,0.05,1881,4
1881.38,0.19,0.06,1881,5
1881.46,-0.89,-0.19,1881,6
1881.54,-0.24,0.0,1881,7
1881.63,-0.23,-0.04,1881,8
1881.71,-0.19,-0.16,1881,9
1881.79,-0.34,-0.22,1881,10
1881.88,-0.39,-0.19,1881,11
1881.96,0.14,-0.07,1881,12
1882.04,0.16,0.16,1882,1
1882.13,-0.15,0.14,1882,2
1882.21,-0.02,0.04,1882,3
1882.29,-0.52,-0.17,1882,4
1882.38,-0.61,-0.15,1882,5
1882.46,-0.9,-0.23,1882,6
1882.54,-0.55,-0.17,1882,7
1882.63,-0.25,-0.07,1882,8
1882.71,-0.15,-0.14,1882,9
1882.79,-0.21,-0.24,1882,10
1882.88,-0.5,-0.17,1882,11
1882.96,-0.79,-0.36,1882,12
1883.04,-0.54,-0.29,1883,1
1883.13,-0.73,-0.37,1883,2
1883.21,-0.47,-0.13,1883,3
1883.29,-0.38,-0.19,1883,4
1883.38,-0.41,-0.19,1883,5
1883.46,0.31,-0.08,1883,6
1883.54,-0.21,-0.08,1883,7
1883.63,-0.1,-0.15,1883,8
1883.71,-0.42,-0.22,1883,9
1883.79,-0.34,-0.12,1883,10
1883.88,-0.63,-0.25,1883,11
1883.96,-0.37,-0.12,1883,12
1884.04,-0.66,-0.13,1884,1
1884.13,-0.41,-0.09,1884,2
1884.21,-0.37,-0.37,1884,3
1884.29,-0.66,-0.4,1884,4
1884.38,-0.94,-0.34,1884,5
1884.46,-0.43,-0.36,1884,6
1884.54,-0.42,-0.31,1884,7
1884.63,0.12,-0.29,1884,8
1884.71,-0.31,-0.28,1884,9
1884.79,-0.58,-0.25,1884,10
1884.88,-0.7,-0.34,1884,11
1884.96,-0.8,-0.31,1884,12
1885.04,-0.91,-0.58,1885,1
1885.13,-0.67,-0.34,1885,2
1885.21,-0.73,-0.27,1885,3
1885.29,-0.9,-0.42,1885,4
1885.38,-0.67,-0.45,1885,5
1885.46,-0.74,-0.44,1885,6
1885.54,-0.59,-0.35,1885,7
1885.63,-0.32,-0.32,1885,8
1885.71,-0.31,-0.29,1885,9
1885.79,-0.35,-0.24,1885,10
1885.88,-0.32,-0.25,1885,11
1885.96,-0.12,-0.11,1885,12
1886.04,-0.58,-0.45,1886,1
1886.13,-0.6,-0.51,1886,2
1886.21,-0.41,-0.43,1886,3
1886.29,-0.31,-0.28,1886,4
1886.38,-0.32,-0.25,1886,5
1886.46,-0.45,-0.35,1886,6
1886.54,-0.11,-0.18,1886,7
1886.63,-0.31,-0.31,1886,8
1886.71,-0.08,-0.24,1886,9
1886.79,-0.6,-0.28,1886,10
1886.88,-0.21,-0.28,1886,11
1886.96,-0.32,-0.26,1886,12
1887.04,-0.64,-0.72,1887,1
1887.13,-0.97,-0.57,1887,2
1887.21,-0.47,-0.36,1887,3
1887.29,-0.53,-0.35,1887,4
1887.38,-0.69,-0.31,1887,5
1887.46,-0.62,-0.25,1887,6
1887.54,-0.64,-0.26,1887,7
1887.63,-0.56,-0.36,1887,8
1887.71,-0.71,-0.26,1887,9
1887.79,-0.53,-0.36,1887,10
1887.88,-0.7,-0.27,1887,11
1887.96,-0.61,-0.33,1887,12
1888.04,-0.56,-0.35,1888,1
1888.13,-0.78,-0.37,1888,2
1888.21,-0.72,-0.42,1888,3
1888.29,-0.26,-0.2,1888,4
1888.38,-0.68,-0.22,1888,5
1888.46,-0.4,-0.18,1888,6
1888.54,-0.27,-0.11,1888,7
1888.63,-0.27,-0.17,1888,8
1888.71,-0.31,-0.12,1888,9
1888.79,-0.06,0.01,1888,10
1888.88,-0.04,0.02,1888,11
1888.96,-0.2,-0.05,1888,12
1889.04,-0.3,-0.1,1889,1
1889.13,0.07,0.16,1889,2
1889.21,0.09,0.05,1889,3
1889.29,0.23,0.09,1889,4
1889.38,0.12,-0.02,1889,5
1889.46,-0.15,-0.11,1889,6
1889.54,-0.22,-0.08,1889,7
1889.63,-0.43,-0.21,1889,8
1889.71,-0.33,-0.24,1889,9
1889.79,-0.25,-0.26,1889,10
1889.88,-0.45,-0.34,1889,11
1889.96,-0.38,-0.3,1889,12
1890.04,-0.53,-0.43,1890,1
1890.13,-0.47,-0.45,1890,2
1890.21,-0.45,-0.41,1890,3
1890.29,-0.14,-0.3,1890,4
1890.38,-0.65,-0.4,1890,5
1890.46,-0.42,-0.25,1890,6
1890.54,-0.57,-0.29,1890,7
1890.63,-0.58,-0.4,1890,8
1890.71,-0.22,-0.37,1890,9
1890.79,-0.21,-0.26,1890,10
1890.88,-0.54,-0.44,1890,11
1890.96,-0.35,-0.32,1890,12
1891.04,-0.69,-0.34,1891,1
1891.13,-0.94,-0.47,1891,2
1891.21,-0.32,-0.19,1891,3
1891.29,-0.44,-0.28,1891,4
1891.38,-0.41,-0.17,1891,5
1891.46,-0.58,-0.22,1891,6
1891.54,-0.48,-0.18,1891,7
1891.63,-0.43,-0.18,1891,8
1891.71,-0.33,-0.16,1891,9
1891.79,-0.4,-0.23,1891,10
1891.88,-0.34,-0.32,1891,11
1891.96,0.05,-0.05,1891,12
1892.04,-0.59,-0.3,1892,1
1892.13,-0.17,-0.12,1892,2
1892.21,-0.63,-0.41,1892,3
1892.29,-0.55,-0.34,1892,4
1892.38,-0.54,-0.24,1892,5
1892.46,-0.46,-0.23,1892,6
1892.54,-0.3,-0.32,1892,7
1892.63,-0.26,-0.28,1892,8
1892.71,-0.47,-0.17,1892,9
1892.79,-0.34,-0.14,1892,10
1892.88,-0.63,-0.43,1892,11
1892.96,-0.61,-0.39,1892,12
1893.04,-1.44,-0.81,1893,1
1893.13,-0.98,-0.57,1893,2
1893.21,-0.45,-0.22,1893,3
1893.29,-0.45,-0.27,1893,4
1893.38,-0.49,-0.33,1893,5
1893.46,-0.5,-0.25,1893,6
1893.54,0.03,-0.14,1893,7
1893.63,-0.22,-0.26,1893,8
1893.71,-0.22,-0.23,1893,9
1893.79,-0.1,-0.19,1893,10
1893.88,-0.13,-0.19,1893,11
1893.96,-0.46,-0.35,1893,12
1894.04,-0.68,-0.54,1894,1
1894.13,-0.46,-0.31,1894,2
1894.21,-0.37,-0.24,1894,3
1894.29,-0.65,-0.46,1894,4
1894.38,-0.66,-0.33,1894,5
1894.46,-0.54,-0.42,1894,6
1894.54,-0.39,-0.25,1894,7
1894.63,-0.4,-0.26,1894,8
1894.71,-0.5,-0.29,1894,9
1894.79,-0.27,-0.24,1894,10
1894.88,-0.32,-0.27,1894,11
1894.96,-0.26,-0.23,1894,12
1895.04,-0.68,-0.43,1895,1
1895.13,-0.78,-0.43,1895,2
1895.21,-0.6,-0.34,1895,3
1895.29,-0.47,-0.23,1895,4
1895.38,-0.43,-0.29,1895,5
1895.46,-0.18,-0.22,1895,6
1895.54,-0.52,-0.19,1895,7
1895.63,-0.24,-0.19,1895,8
1895.71,-0.21,-0.13,1895,9
1895.79,-0.17,-0.11,1895,10
1895.88,-0.21,-0.17,1895,11
1895.96,-0.09,-0.14,1895,12
1896.04,-0.2,-0.22,1896,1
1896.13,-0.23,-0.12,1896,2
1896.21,-0.62,-0.26,1896,3
1896.29,-0.46,-0.3,1896,4
1896.38,-0.37,-0.16,1896,5
1896.46,-0.39,-0.11,1896,6
1896.54,-0.18,-0.02,1896,7
1896.63,-0.33,-0.05,1896,8
1896.71,-0.18,-0.07,1896,9
1896.79,-0.15,0.06,1896,10
1896.88,-0.34,-0.04,1896,11
1896.96,-0.21,-0.05,1896,12
1897.04,-0.21,-0.15,1897,1
1897.13,-0.41,-0.16,1897,2
1897.21,-0.26,-0.13,1897,3
1897.29,-0.09,-0.02,1897,4
1897.38,-0.14,-0.01,1897,5
1897.46,-0.01,-0.11,1897,6
1897.54,0.03,-0.02,1897,7
1897.63,-0.24,-0.09,1897,8
1897.71,-0.1,-0.08,1897,9
1897.79,-0.2,-0.13,1897,10
1897.88,0.06,-0.18,1897,11
1897.96,-0.23,-0.21,1897,12
1898.04,-0.07,-0.02,1898,1
1898.13,-0.49,-0.3,1898,2
1898.21,-0.76,-0.51,1898,3
1898.29,-0.51,-0.31,1898,4
1898.38,-0.65,-0.31,1898,5
1898.46,-0.27,-0.19,1898,6
1898.54,-0.28,-0.23,1898,7
1898.63,-0.24,-0.27,1898,8
1898.71,0.02,-0.21,1898,9
1898.79,-0.42,-0.34,1898,10
1898.88,-0.4,-0.39,1898,11
1898.96,-0.15,-0.23,1898,12
1899.04,-0.29,-0.17,1899,1
1899.13,-0.58,-0.39,1899,2
1899.21,-0.38,-0.36,1899,3
1899.29,-0.19,-0.21,1899,4
1899.38,-0.36,-0.24,1899,5
1899.46,-0.48,-0.32,1899,6
1899.54,-0.25,-0.17,1899,7
1899.63,-0.3,-0.09,1899,8
1899.71,-0.04,-0.05,1899,9
1899.79,-0.18,-0.04,1899,10
1899.88,0.0,0.12,1899,11
1899.96,-0.17,-0.26,1899,12
1900.04,-0.44,-0.36,1900,1
1900.13,-0.03,-0.06,1900,2
1900.21,-0.13,0.0,1900,3
1900.29,-0.04,-0.09,1900,4
1900.38,-0.13,-0.09,1900,5
1900.46,-0.05,-0.1,1900,6
1900.54,-0.3,-0.13,1900,7
1900.63,-0.03,-0.09,1900,8
1900.71,0.03,-0.05,1900,9
1900.79,0.22,0.09,1900,10
1900.88,-0.01,-0.07,1900,11
1900.96,-0.07,-0.07,1900,12
1901.04,-0.2,-0.22,1901,1
1901.13,-0.26,-0.11,1901,2
1901.21,-0.12,0.06,1901,3
1901.29,-0.03,-0.03,1901,4
1901.38,-0.1,-0.15,1901,5
1901.46,0.09,-0.12,1901,6
1901.54,-0.18,-0.15,1901,7
1901.63,-0.15,-0.21,1901,8
1901.71,0.02,-0.23,1901,9
1901.79,-0.07,-0.3,1901,10
1901.88,-0.13,-0.17,1901,11
1901.96,-0.2,-0.28,1901,12
1902.04,-0.19,-0.16,1902,1
1902.13,-0.06,-0.09,1902,2
1902.21,-0.14,-0.27,1902,3
1902.29,-0.14,-0.28,1902,4
1902.38,-0.22,-0.33,1902,5
1902.46,-0.21,-0.32,1902,6
1902.54,-0.37,-0.28,1902,7
1902.63,-0.41,-0.3,1902,8
1902.71,-0.36,-0.29,1902,9
1902.79,-0.39,-0.31,1902,10
1902.88,-0.37,-0.36,1902,11
1902.96,-0.46,-0.42,1902,12
1903.04,-0.31,-0.24,1903,1
1903.13,-0.12,-0.06,1903,2
1903.21,-0.12,-0.23,1903,3
1903.29,-0.47,-0.41,1903,4
1903.38,-0.3,-0.4,1903,5
1903.46,-0.52,-0.43,1903,6
1903.54,-0.25,-0.35,1903,7
1903.63,-0.32,-0.46,1903,8
1903.71,-0.38,-0.49,1903,9
1903.79,-0.37,-0.47,1903,10
1903.88,-0.39,-0.42,1903,11
1903.96,-0.53,-0.51,1903,12
1904.04,-0.67,-0.63,1904,1
1904.13,-0.71,-0.59,1904,2
1904.21,-0.52,-0.51,1904,3
1904.29,-0.35,-0.51,1904,4
1904.38,-0.52,-0.52,1904,5
1904.46,-0.43,-0.49,1904,6
1904.54,-0.53,-0.51,1904,7
1904.63,-0.47,-0.5,1904,8
1904.71,-0.51,-0.56,1904,9
1904.79,-0.48,-0.39,1904,10
1904.88,-0.16,-0.18,1904,11
1904.96,-0.37,-0.33,1904,12
1905.04,-0.39,-0.35,1905,1
1905.13,-0.89,-0.59,1905,2
1905.21,-0.26,-0.22,1905,3
1905.29,-0.26,-0.34,1905,4
1905.38,-0.27,-0.29,1905,5
1905.46,-0.34,-0.28,1905,6
1905.54,-0.35,-0.26,1905,7
1905.63,-0.24,-0.2,1905,8
1905.71,-0.2,-0.19,1905,9
1905.79,-0.34,-0.25,1905,10
1905.88,-0.04,-0.07,1905,11
1905.96,-0.17,-0.13,1905,12
1906.04,-0.14,-0.28,1906,1
1906.13,-0.34,-0.29,1906,2
1906.21,-0.36,-0.19,1906,3
1906.29,0.05,-0.05,1906,4
1906.38,-0.25,-0.26,1906,5
1906.46,-0.18,-0.2,1906,6
1906.54,-0.11,-0.23,1906,7
1906.63,-0.11,-0.2,1906,8
1906.71,-0.25,-0.28,1906,9
1906.79,-0.13,-0.2,1906,10
1906.88,-0.5,-0.38,1906,11
1906.96,-0.15,-0.15,1906,12
1907.04,-0.47,-0.43,1907,1
1907.13,-0.6,-0.51,1907,2
1907.21,-0.41,-0.27,1907,3
1907.29,-0.51,-0.37,1907,4
1907.38,-0.65,-0.47,1907,5
1907.46,-0.61,-0.42,1907,6
1907.54,-0.36,-0.35,1907,7
1907.63,-0.48,-0.34,1907,8
1907.71,-0.35,-0.34,1907,9
1907.79,-0.19,-0.23,1907,10
1907.88,-0.47,-0.46,1907,11
1907.96,-0.52,-0.47,1907,12
1908.04,-0.38,-0.44,1908,1
1908.13,-0.38,-0.33,1908,2
1908.21,-0.52,-0.55,1908,3
1908.29,-0.42,-0.44,1908,4
1908.38,-0.23,-0.37,1908,5
1908.46,-0.34,-0.38,1908,6
1908.54,-0.31,-0.35,1908,7
1908.63,-0.41,-0.46,1908,8
1908.71,-0.11,-0.35,1908,9
1908.79,-0.33,-0.44,1908,10
1908.88,-0.58,-0.52,1908,11
1908.96,-0.38,-0.49,1908,12
1909.04,-0.79,-0.73,1909,1
1909.13,-0.52,-0.46,1909,2
1909.21,-0.54,-0.54,1909,3
1909.29,-0.54,-0.59,1909,4
1909.38,-0.55,-0.55,1909,5
1909.46,-0.33,-0.52,1909,6
1909.54,-0.31,-0.45,1909,7
1909.63,-0.12,-0.34,1909,8
1909.71,-0.24,-0.39,1909,9
1909.79,-0.23,-0.4,1909,10
1909.88,-0.17,-0.32,1909,11
1909.96,-0.53,-0.56,1909,12
1910.04,-0.34,-0.42,1910,1
1910.13,-0.26,-0.4,1910,2
1910.21,-0.43,-0.5,1910,3
1910.29,-0.34,-0.43,1910,4
1910.38,-0.25,-0.34,1910,5
1910.46,-0.34,-0.38,1910,6
1910.54,-0.22,-0.34,1910,7
1910.63,-0.15,-0.37,1910,8
1910.71,-0.11,-0.39,1910,9
1910.79,-0.33,-0.41,1910,10
1910.88,-0.53,-0.57,1910,11
1910.96,-0.65,-0.67,1910,12
1911.04,-0.63,-0.62,1911,1
1911.13,-0.66,-0.57,1911,2
1911.21,-0.61,-0.6,1911,3
1911.29,-0.49,-0.54,1911,4
1911.38,-0.39,-0.51,1911,5
1911.46,-0.47,-0.51,1911,6
1911.54,-0.24,-0.42,1911,7
1911.63,-0.32,-0.44,1911,8
1911.71,-0.3,-0.4,1911,9
1911.79,-0.23,-0.26,1911,10
1911.88,-0.18,-0.21,1911,11
1911.96,-0.26,-0.21,1911,12
1912.04,-0.22,-0.25,1912,1
1912.13,-0.14,-0.14,1912,2
1912.21,-0.5,-0.38,1912,3
1912.29,-0.31,-0.17,1912,4
1912.38,-0.25,-0.22,1912,5
1912.46,-0.21,-0.24,1912,6
1912.54,-0.49,-0.43,1912,7
1912.63,-0.59,-0.55,1912,8
1912.71,-0.48,-0.58,1912,9
1912.79,-0.5,-0.58,1912,10
1912.88,-0.46,-0.39,1912,11
1912.96,-0.36,-0.43,1912,12
1913.04,-0.42,-0.4,1913,1
1913.13,-0.47,-0.44,1913,2
1913.21,-0.53,-0.43,1913,3
1913.29,-0.33,-0.39,1913,4
1913.38,-0.57,-0.44,1913,5
1913.46,-0.53,-0.45,1913,6
1913.54,-0.25,-0.36,1913,7
1913.63,-0.19,-0.34,1913,8
1913.71,-0.16,-0.34,1913,9
1913.79,-0.26,-0.32,1913,10
1913.88,-0.17,-0.2,1913,11
1913.96,0.03,-0.02,1913,12
1914.04,0.16,0.05,1914,1
1914.13,-0.06,-0.1,1914,2
1914.21,-0.1,-0.24,1914,3
1914.29,-0.21,-0.3,1914,4
1914.38,-0.04,-0.21,1914,5
1914.46,-0.1,-0.25,1914,6
1914.54,-0.23,-0.23,1914,7
1914.63,-0.11,-0.16,1914,8
1914.71,-0.15,-0.16,1914,9
1914.79,0.12,-0.03,1914,10
1914.88,-0.3,-0.15,1914,11
1914.96,-0.16,-0.04,1914,12
1915.04,-0.21,-0.2,1915,1
1915.13,-0.02,-0.04,1915,2
1915.21,-0.19,-0.1,1915,3
1915.29,-0.04,0.06,1915,4
1915.38,-0.21,-0.06,1915,5
1915.46,-0.26,-0.22,1915,6
1915.54,-0.04,-0.13,1915,7
1915.63,-0.23,-0.22,1915,8
1915.71,-0.03,-0.2,1915,9
1915.79,-0.07,-0.24,1915,10
1915.88,-0.01,-0.13,1915,11
1915.96,-0.17,-0.21,1915,12
1916.04,-0.1,-0.12,1916,1
1916.13,-0.13,-0.14,1916,2
1916.21,-0.44,-0.28,1916,3
1916.29,-0.25,-0.3,1916,4
1916.38,-0.41,-0.35,1916,5
1916.46,-0.52,-0.49,1916,6
1916.54,-0.36,-0.37,1916,7
1916.63,-0.21,-0.28,1916,8
1916.71,-0.24,-0.36,1916,9
1916.79,-0.29,-0.34,1916,10
1916.88,-0.47,-0.46,1916,11
1916.96,-0.79,-0.81,1916,12
1917.04,-0.48,-0.57,1917,1
1917.13,-0.68,-0.63,1917,2
1917.21,-0.81,-0.63,1917,3
1917.29,-0.57,-0.55,1917,4
1917.38,-0.77,-0.55,1917,5
1917.46,-0.41,-0.43,1917,6
1917.54,-0.04,-0.26,1917,7
1917.63,-0.37,-0.23,1917,8
1917.71,-0.34,-0.22,1917,9
1917.79,-0.53,-0.44,1917,10
1917.88,-0.4,-0.34,1917,11
1917.96,-0.92,-0.67,1917,12
1918.04,-0.7,-0.48,1918,1
1918.13,-0.56,-0.34,1918,2
1918.21,-0.48,-0.25,1918,3
1918.29,-0.5,-0.44,1918,4
1918.38,-0.64,-0.43,1918,5
1918.46,-0.37,-0.36,1918,6
1918.54,-0.49,-0.32,1918,7
1918.63,-0.5,-0.32,1918,8
1918.71,-0.2,-0.17,1918,9
1918.79,0.01,-0.06,1918,10
1918.88,-0.27,-0.12,1918,11
1918.96,-0.36,-0.3,1918,12
1919.04,-0.28,-0.2,1919,1
1919.13,-0.17,-0.23,1919,2
1919.21,-0.13,-0.21,1919,3
1919.29,-0.09,-0.12,1919,4
1919.38,-0.18,-0.28,1919,5
1919.46,-0.13,-0.36,1919,6
1919.54,-0.03,-0.29,1919,7
1919.63,-0.11,-0.33,1919,8
1919.71,-0.26,-0.25,1919,9
1919.79,-0.14,-0.2,1919,10
1919.88,-0.49,-0.41,1919,11
1919.96,-0.34,-0.42,1919,12
1920.04,-0.17,-0.25,1920,1
1920.13,-0.33,-0.27,1920,2
1920.21,-0.22,-0.12,1920,3
1920.29,-0.1,-0.24,1920,4
1920.38,-0.31,-0.27,1920,5
1920.46,-0.32,-0.36,1920,6
1920.54,-0.19,-0.3,1920,7
1920.63,-0.22,-0.26,1920,8
1920.71,-0.21,-0.21,1920,9
1920.79,-0.42,-0.27,1920,10
1920.88,-0.31,-0.27,1920,11
1920.96,-0.53,-0.47,1920,12
1921.04,-0.05,-0.05,1921,1
1921.13,-0.14,-0.18,1921,2
1921.21,-0.1,-0.22,1921,3
1921.29,-0.22,-0.29,1921,4
1921.38,-0.25,-0.3,1921,5
1921.46,-0.09,-0.27,1921,6
1921.54,0.01,-0.14,1921,7
1921.63,-0.45,-0.26,1921,8
1921.71,-0.11,-0.18,1921,9
1921.79,-0.08,-0.03,1921,10
1921.88,-0.29,-0.14,1921,11
1921.96,-0.21,-0.17,1921,12
1922.04,-0.45,-0.34,1922,1
1922.13,-0.49,-0.44,1922,2
1922.21,-0.35,-0.15,1922,3
1922.29,-0.11,-0.23,1922,4
1922.38,-0.39,-0.33,1922,5
1922.46,-0.3,-0.3,1922,6
1922.54,-0.08,-0.27,1922,7
1922.63,-0.23,-0.33,1922,8
1922.71,-0.18,-0.35,1922,9
1922.79,-0.24,-0.32,1922,10
1922.88,-0.09,-0.14,1922,11
1922.96,-0.2,-0.19,1922,12
1923.04,-0.27,-0.27,1923,1
1923.13,-0.31,-0.39,1923,2
1923.21,-0.25,-0.34,1923,3
1923.29,-0.49,-0.4,1923,4
1923.38,-0.34,-0.33,1923,5
1923.46,-0.37,-0.29,1923,6
1923.54,-0.49,-0.31,1923,7
1923.63,-0.43,-0.34,1923,8
1923.71,-0.33,-0.31,1923,9
1923.79,-0.14,-0.14,1923,10
1923.88,-0.05,-0.02,1923,11
1923.96,-0.06,-0.03,1923,12
1924.04,-0.27,-0.22,1924,1
1924.13,-0.37,-0.23,1924,2
1924.21,-0.17,-0.08,1924,3
1924.29,-0.43,-0.3,1924,4
1924.38,-0.29,-0.18,1924,5
1924.46,-0.23,-0.26,1924,6
1924.54,-0.21,-0.29,1924,7
1924.63,-0.22,-0.36,1924,8
1924.71,-0.1,-0.32,1924,9
1924.79,-0.21,-0.35,1924,10
1924.88,-0.1,-0.2,1924,11
1924.96,-0.39,-0.43,1924,12
1925.04,-0.47,-0.37,1925,1
1925.13,-0.41,-0.39,1925,2
1925.21,-0.31,-0.27,1925,3
1925.29,-0.18,-0.26,1925,4
1925.38,-0.33,-0.29,1925,5
1925.46,-0.42,-0.33,1925,6
1925.54,-0.38,-0.27,1925,7
1925.63,-0.21,-0.21,1925,8
1925.71,-0.36,-0.2,1925,9
1925.79,-0.3,-0.17,1925,10
1925.88,-0.01,0.06,1925,11
1925.96,0.17,0.06,1925,12
1926.04,0.31,0.21,1926,1
1926.13,0.23,0.03,1926,2
1926.21,0.2,0.12,1926,3
1926.29,-0.09,-0.12,1926,4
1926.38,-0.32,-0.23,1926,5
1926.46,-0.23,-0.26,1926,6
1926.54,-0.2,-0.27,1926,7
1926.63,0.03,-0.13,1926,8
1926.71,0.01,-0.14,1926,9
1926.79,-0.1,-0.11,1926,10
1926.88,0.01,-0.06,1926,11
1926.96,-0.27,-0.29,1926,12
1927.04,-0.14,-0.27,1927,1
1927.13,-0.1,-0.17,1927,2
1927.21,-0.37,-0.38,1927,3
1927.29,-0.3,-0.3,1927,4
1927.38,-0.28,-0.26,1927,5
1927.46,-0.26,-0.27,1927,6
1927.54,-0.05,-0.19,1927,7
1927.63,-0.29,-0.24,1927,8
1927.71,-0.05,-0.12,1927,9
1927.79,0.17,-0.01,1927,10
1927.88,0.09,-0.05,1927,11
1927.96,-0.24,-0.33,1927,12
1928.04,0.08,-0.02,1928,1
1928.13,0.01,-0.09,1928,2
1928.21,-0.07,-0.25,1928,3
1928.29,-0.09,-0.28,1928,4
1928.38,-0.28,-0.3,1928,5
1928.46,-0.52,-0.39,1928,6
1928.54,-0.04,-0.19,1928,7
1928.63,-0.03,-0.23,1928,8
1928.71,0.02,-0.21,1928,9
1928.79,-0.04,-0.19,1928,10
1928.88,0.11,-0.09,1928,11
1928.96,-0.02,-0.16,1928,12
1929.04,-0.24,-0.45,1929,1
1929.13,-0.45,-0.58,1929,2
1929.21,-0.33,-0.33,1929,3
1929.29,-0.4,-0.41,1929,4
1929.38,-0.34,-0.38,1929,5
1929.46,-0.43,-0.43,1929,6
1929.54,-0.4,-0.36,1929,7
1929.63,-0.38,-0.33,1929,8
1929.71,-0.22,-0.25,1929,9
1929.79,0.0,-0.15,1929,10
1929.88,0.0,-0.11,1929,11
1929.96,-0.6,-0.54,1929,12
1930.04,-0.22,-0.3,1930,1
1930.13,-0.16,-0.26,1930,2
1930.21,-0.06,-0.1,1930,3
1930.29,-0.21,-0.24,1930,4
1930.38,-0.14,-0.24,1930,5
1930.46,-0.2,-0.22,1930,6
1930.54,-0.22,-0.21,1930,7
1930.63,-0.17,-0.15,1930,8
1930.71,-0.16,-0.15,1930,9
1930.79,-0.28,-0.12,1930,10
1930.88,0.12,0.18,1930,11
1930.96,-0.01,-0.05,1930,12
1931.04,-0.07,-0.1,1931,1
1931.13,-0.24,-0.2,1931,2
1931.21,-0.06,-0.1,1931,3
1931.29,-0.23,-0.23,1931,4
1931.38,-0.19,-0.2,1931,5
1931.46,-0.08,-0.08,1931,6
1931.54,0.08,-0.04,1931,7
1931.63,0.08,-0.04,1931,8
1931.71,-0.17,-0.07,1931,9
1931.79,0.13,0.05,1931,10
1931.88,-0.02,-0.06,1931,11
1931.96,0.14,-0.05,1931,12
1932.04,0.34,0.16,1932,1
1932.13,-0.25,-0.17,1932,2
1932.21,-0.2,-0.18,1932,3
1932.29,0.06,-0.06,1932,4
1932.38,-0.14,-0.17,1932,5
1932.46,-0.42,-0.29,1932,6
1932.54,-0.21,-0.25,1932,7
1932.63,-0.15,-0.22,1932,8
1932.71,0.08,-0.1,1932,9
1932.79,0.13,-0.09,1932,10
1932.88,-0.08,-0.27,1932,11
1932.96,-0.13,-0.26,1932,12
1933.04,-0.19,-0.23,1933,1
1933.13,-0.19,-0.29,1933,2
1933.21,-0.21,-0.29,1933,3
1933.29,-0.15,-0.24,1933,4
1933.38,-0.11,-0.29,1933,5
1933.46,-0.27,-0.34,1933,6
1933.54,-0.12,-0.21,1933,7
1933.63,-0.16,-0.24,1933,8
1933.71,-0.11,-0.29,1933,9
1933.79,-0.11,-0.24,1933,10
1933.88,-0.36,-0.3,1933,11
1933.96,-0.45,-0.44,1933,12
1934.04,-0.09,-0.2,1934,1
1934.13,-0.04,-0.02,1934,2
1934.21,-0.29,-0.29,1934,3
1934.29,-0.29,-0.3,1934,4
1934.38,0.02,-0.09,1934,5
1934.46,-0.17,-0.15,1934,6
1934.54,-0.02,-0.1,1934,7
1934.63,0.04,-0.12,1934,8
1934.71,-0.02,-0.15,1934,9
1934.79,-0.01,-0.06,1934,10
1934.88,0.11,0.04,1934,11
1934.96,0.18,-0.02,1934,12
1935.04,-0.28,-0.34,1935,1
1935.13,0.28,0.14,1935,2
1935.21,0.03,-0.14,1935,3
1935.29,-0.43,-0.37,1935,4
1935.38,-0.31,-0.29,1935,5
1935.46,-0.16,-0.27,1935,6
1935.54,-0.23,-0.21,1935,7
1935.63,-0.21,-0.22,1935,8
1935.71,-0.36,-0.21,1935,9
1935.79,0.01,-0.06,1935,10
1935.88,-0.28,-0.26,1935,11
1935.96,-0.09,-0.16,1935,12
1936.04,-0.25,-0.27,1936,1
1936.13,-0.37,-0.37,1936,2
1936.21,-0.13,-0.2,1936,3
1936.29,0.01,-0.2,1936,4
1936.38,-0.23,-0.16,1936,5
1936.46,-0.17,-0.22,1936,6
1936.54,0.18,-0.09,1936,7
1936.63,0.05,-0.13,1936,8
1936.71,0.02,-0.09,1936,9
1936.79,0.05,-0.02,1936,10
1936.88,0.12,0.02,1936,11
1936.96,0.12,0.0,1936,12
1937.04,-0.02,-0.07,1937,1
1937.13,0.08,0.03,1937,2
1937.21,-0.22,-0.2,1937,3
1937.29,-0.15,-0.15,1937,4
1937.38,0.04,-0.05,1937,5
1937.46,-0.04,-0.05,1937,6
1937.54,-0.07,-0.03,1937,7
1937.63,0.07,0.01,1937,8
1937.71,0.22,0.09,1937,9
1937.79,0.2,0.09,1937,10
1937.88,0.29,0.08,1937,11
1937.96,0.01,-0.07,1937,12
1938.04,0.13,0.09,1938,1
1938.13,0.14,0.04,1938,2
1938.21,0.25,0.1,1938,3
1938.29,0.34,0.07,1938,4
1938.38,0.12,-0.09,1938,5
1938.46,-0.12,-0.17,1938,6
1938.54,-0.03,-0.09,1938,7
1938.63,-0.03,-0.05,1938,8
1938.71,0.11,0.01,1938,9
1938.79,0.36,0.15,1938,10
1938.88,0.2,0.08,1938,11
1938.96,-0.01,-0.12,1938,12
1939.04,0.0,-0.04,1939,1
1939.13,-0.1,-0.06,1939,2
1939.21,-0.31,-0.17,1939,3
1939.29,-0.15,-0.1,1939,4
1939.38,0.02,-0.04,1939,5
1939.46,-0.06,-0.07,1939,6
1939.54,-0.09,-0.05,1939,7
1939.63,-0.22,-0.06,1939,8
1939.71,-0.08,-0.07,1939,9
1939.79,-0.08,-0.04,1939,10
1939.88,-0.09,0.08,1939,11
1939.96,0.38,0.43,1939,12
1940.04,-0.14,0.0,1940,1
1940.13,0.05,0.08,1940,2
1940.21,0.04,0.09,1940,3
1940.29,0.03,0.18,1940,4
1940.38,0.08,0.11,1940,5
1940.46,0.2,0.12,1940,6
1940.54,0.2,0.12,1940,7
1940.63,0.11,0.07,1940,8
1940.71,0.2,0.15,1940,9
1940.79,0.1,0.11,1940,10
1940.88,0.06,0.16,1940,11
1940.96,0.31,0.32,1940,12
1941.04,0.05,0.18,1941,1
1941.13,0.27,0.31,1941,2
1941.21,-0.04,0.1,1941,3
1941.29,0.03,0.16,1941,4
1941.38,0.14,0.17,1941,5
1941.46,0.15,0.13,1941,6
1941.54,0.27,0.22,1941,7
1941.63,0.07,0.15,1941,8
1941.71,-0.17,0.02,1941,9
1941.79,0.15,0.35,1941,10
1941.88,-0.05,0.23,1941,11
1941.96,0.05,0.22,1941,12
1942.04,0.19,0.29,1942,1
1942.13,-0.03,0.02,1942,2
1942.21,-0.05,0.06,1942,3
1942.29,-0.01,0.1,1942,4
1942.38,0.05,0.11,1942,5
1942.46,-0.01,0.05,1942,6
1942.54,0.06,0.0,1942,7
1942.63,0.1,-0.04,1942,8
1942.71,0.06,-0.03,1942,9
1942.79,0.03,0.02,1942,10
1942.88,0.16,0.1,1942,11
1942.96,0.11,0.12,1942,12
1943.04,-0.17,-0.01,1943,1
1943.13,0.09,0.18,1943,2
1943.21,-0.06,-0.03,1943,3
1943.29,0.05,0.11,1943,4
1943.38,-0.06,0.07,1943,5
1943.46,-0.05,-0.05,1943,6
1943.54,0.09,0.09,1943,7
1943.63,-0.18,0.01,1943,8
1943.71,0.04,0.06,1943,9
1943.79,0.27,0.23,1943,10
1943.88,0.06,0.2,1943,11
1943.96,0.18,0.24,1943,12
1944.04,0.33,0.36,1944,1
1944.13,0.1,0.25,1944,2
1944.21,0.08,0.26,1944,3
1944.29,-0.07,0.2,1944,4
1944.38,-0.1,0.2,1944,5
1944.46,-0.14,0.16,1944,6
1944.54,0.05,0.18,1944,7
1944.63,0.09,0.18,1944,8
1944.71,0.21,0.28,1944,9
1944.79,0.22,0.26,1944,10
1944.88,0.04,0.11,1944,11
1944.96,-0.18,0.04,1944,12
1945.04,0.01,0.1,1945,1
1945.13,-0.08,0.01,1945,2
1945.21,-0.06,0.06,1945,3
1945.29,0.14,0.2,1945,4
1945.38,-0.27,0.06,1945,5
1945.46,-0.26,0.01,1945,6
1945.54,-0.22,0.04,1945,7
1945.63,0.23,0.26,1945,8
1945.71,0.03,0.21,1945,9
1945.79,0.03,0.19,1945,10
1945.88,-0.09,0.07,1945,11
1945.96,-0.34,-0.06,1945,12
1946.04,-0.01,0.15,1946,1
1946.13,-0.04,0.03,1946,2
1946.21,-0.09,0.01,1946,3
1946.29,0.09,0.06,1946,4
1946.38,0.04,-0.07,1946,5
1946.46,-0.17,-0.21,1946,6
1946.54,0.08,-0.12,1946,7
1946.63,-0.11,-0.2,1946,8
1946.71,0.01,-0.07,1946,9
1946.79,-0.18,-0.07,1946,10
1946.88,-0.05,-0.05,1946,11
1946.96,-0.23,-0.31,1946,12
1947.04,-0.02,-0.06,1947,1
1947.13,0.04,-0.08,1947,2
1947.21,0.17,0.07,1947,3
1947.29,0.13,0.06,1947,4
1947.38,0.02,-0.01,1947,5
1947.46,-0.04,-0.02,1947,6
1947.54,0.07,-0.04,1947,7
1947.63,0.1,-0.07,1947,8
1947.71,0.07,-0.12,1947,9
1947.79,0.3,0.08,1947,10
1947.88,0.22,0.03,1947,11
1947.96,-0.1,-0.13,1947,12
1948.04,0.25,0.07,1948,1
1948.13,-0.08,-0.14,1948,2
1948.21,-0.21,-0.24,1948,3
1948.29,-0.08,-0.12,1948,4
1948.38,0.03,-0.01,1948,5
1948.46,0.1,-0.05,1948,6
1948.54,-0.08,-0.11,1948,7
1948.63,-0.07,-0.12,1948,8
1948.71,0.01,-0.14,1948,9
1948.79,0.06,-0.05,1948,10
1948.88,-0.12,-0.12,1948,11
1948.96,-0.16,-0.23,1948,12
1949.04,0.03,0.07,1949,1
1949.13,-0.29,-0.14,1949,2
1949.21,-0.09,-0.02,1949,3
1949.29,-0.25,-0.11,1949,4
1949.38,-0.17,-0.1,1949,5
1949.46,-0.22,-0.27,1949,6
1949.54,-0.06,-0.13,1949,7
1949.63,-0.14,-0.13,1949,8
1949.71,-0.05,-0.14,1949,9
1949.79,0.02,-0.07,1949,10
1949.88,-0.07,-0.1,1949,11
1949.96,-0.11,-0.18,1949,12
1950.04,-0.22,-0.26,1950,1
1950.13,-0.27,-0.27,1950,2
1950.21,-0.02,-0.07,1950,3
1950.29,-0.22,-0.21,1950,4
1950.38,-0.23,-0.11,1950,5
1950.46,-0.09,-0.05,1950,6
1950.54,-0.05,-0.08,1950,7
1950.63,-0.32,-0.16,1950,8
1950.71,-0.13,-0.11,1950,9
1950.79,-0.2,-0.2,1950,10
1950.88,-0.33,-0.34,1950,11
1950.96,-0.2,-0.21,1950,12
1951.04,-0.44,-0.34,1951,1
1951.13,-0.49,-0.41,1951,2
1951.21,-0.19,-0.2,1951,3
1951.29,-0.09,-0.14,1951,4
1951.38,-0.01,0.0,1951,5
1951.46,-0.18,-0.06,1951,6
1951.54,-0.17,-0.01,1951,7
1951.63,0.04,0.06,1951,8
1951.71,-0.04,0.05,1951,9
1951.79,0.03,0.08,1951,10
1951.88,0.0,-0.01,1951,11
1951.96,0.14,0.16,1951,12
1952.04,0.07,0.11,1952,1
1952.13,0.1,0.11,1952,2
1952.21,-0.16,-0.08,1952,3
1952.29,-0.05,0.03,1952,4
1952.38,-0.13,-0.03,1952,5
1952.46,-0.08,-0.03,1952,6
1952.54,0.07,0.04,1952,7
1952.63,0.11,0.05,1952,8
1952.71,0.12,0.07,1952,9
1952.79,-0.04,0.0,1952,10
1952.88,-0.2,-0.13,1952,11
1952.96,-0.05,-0.02,1952,12
1953.04,0.06,0.07,1953,1
1953.13,0.05,0.15,1953,2
1953.21,0.14,0.11,1953,3
1953.29,0.15,0.19,1953,4
1953.38,0.03,0.12,1953,5
1953.46,0.0,0.12,1953,6
1953.54,-0.08,0.01,1953,7
1953.63,0.09,0.05,1953,8
1953.71,0.09,0.05,1953,9
1953.79,0.07,0.08,1953,10
1953.88,0.03,-0.03,1953,11
1953.96,0.17,0.05,1953,12
1954.04,-0.27,-0.24,1954,1
1954.13,-0.04,-0.1,1954,2
1954.21,-0.09,-0.15,1954,3
1954.29,-0.13,-0.14,1954,4
1954.38,-0.19,-0.2,1954,5
1954.46,-0.21,-0.18,1954,6
1954.54,-0.26,-0.19,1954,7
1954.63,-0.24,-0.18,1954,8
1954.71,-0.18,-0.1,1954,9
1954.79,0.04,-0.02,1954,10
1954.88,0.18,0.08,1954,11
1954.96,-0.11,-0.18,1954,12
1955.04,0.21,0.14,1955,1
1955.13,-0.1,-0.16,1955,2
1955.21,-0.37,-0.32,1955,3
1955.29,-0.21,-0.22,1955,4
1955.38,-0.18,-0.2,1955,5
1955.46,-0.25,-0.14,1955,6
1955.54,-0.15,-0.11,1955,7
1955.63,0.12,0.02,1955,8
1955.71,-0.11,-0.11,1955,9
1955.79,-0.01,-0.05,1955,10
1955.88,-0.3,-0.25,1955,11
1955.96,-0.31,-0.28,1955,12
1956.04,-0.21,-0.13,1956,1
1956.13,-0.31,-0.24,1956,2
1956.21,-0.3,-0.21,1956,3
1956.29,-0.26,-0.28,1956,4
1956.38,-0.3,-0.29,1956,5
1956.46,-0.08,-0.15,1956,6
1956.54,-0.09,-0.09,1956,7
1956.63,-0.36,-0.26,1956,8
1956.71,-0.15,-0.19,1956,9
1956.79,-0.24,-0.23,1956,10
1956.88,-0.22,-0.14,1956,11
1956.96,-0.18,-0.06,1956,12
1957.04,-0.09,-0.09,1957,1
1957.13,-0.01,-0.03,1957,2
1957.21,-0.05,-0.05,1957,3
1957.29,0.03,0.0,1957,4
1957.38,0.02,0.09,1957,5
1957.46,0.18,0.16,1957,6
1957.54,-0.05,0.02,1957,7
1957.63,0.19,0.15,1957,8
1957.71,0.14,0.09,1957,9
1957.79,0.02,0.01,1957,10
1957.88,0.18,0.08,1957,11
1957.96,0.21,0.15,1957,12
1958.04,0.44,0.39,1958,1
1958.13,0.27,0.22,1958,2
1958.21,0.16,0.09,1958,3
1958.29,0.09,0.02,1958,4
1958.38,0.14,0.06,1958,5
1958.46,-0.21,-0.08,1958,6
1958.54,0.08,0.05,1958,7
1958.63,-0.11,-0.05,1958,8
1958.71,-0.09,-0.02,1958,9
1958.79,0.1,0.04,1958,10
1958.88,0.1,0.02,1958,11
1958.96,-0.07,0.01,1958,12
1959.04,0.04,0.08,1959,1
1959.13,0.06,0.07,1959,2
1959.21,0.23,0.18,1959,3
1959.29,0.24,0.16,1959,4
1959.38,0.0,0.04,1959,5
1959.46,0.1,0.03,1959,6
1959.54,0.05,0.03,1959,7
1959.63,0.01,-0.01,1959,8
1959.71,-0.16,-0.06,1959,9
1959.79,-0.08,-0.07,1959,10
1959.88,-0.07,-0.08,1959,11
1959.96,0.11,0.0,1959,12
1960.04,0.05,0.0,1960,1
1960.13,0.24,0.13,1960,2
1960.21,-0.51,-0.35,1960,3
1960.29,-0.24,-0.15,1960,4
1960.38,-0.15,-0.08,1960,5
1960.46,-0.03,-0.04,1960,6
1960.54,-0.13,-0.04,1960,7
1960.63,0.06,0.02,1960,8
1960.71,0.07,0.07,1960,9
1960.79,0.11,0.06,1960,10
1960.88,-0.09,-0.11,1960,11
1960.96,0.19,0.19,1960,12
1961.04,0.1,0.07,1961,1
1961.13,0.21,0.19,1961,2
1961.21,0.03,0.09,1961,3
1961.29,0.14,0.13,1961,4
1961.38,0.18,0.12,1961,5
1961.46,0.15,0.11,1961,6
1961.54,0.06,0.01,1961,7
1961.63,0.07,0.01,1961,8
1961.71,0.22,0.08,1961,9
1961.79,0.11,0.0,1961,10
1961.88,0.09,0.03,1961,11
1961.96,-0.16,-0.16,1961,12
1962.04,0.03,0.05,1962,1
1962.13,0.18,0.15,1962,2
1962.21,0.1,0.1,1962,3
1962.29,0.07,0.05,1962,4
1962.38,-0.12,-0.06,1962,5
1962.46,0.04,0.03,1962,6
1962.54,-0.12,0.02,1962,7
1962.63,-0.05,-0.01,1962,8
1962.71,0.01,0.0,1962,9
1962.79,0.05,0.01,1962,10
1962.88,0.11,0.06,1962,11
1962.96,0.0,-0.03,1962,12
1963.04,0.0,-0.03,1963,1
1963.13,0.22,0.18,1963,2
1963.21,-0.21,-0.14,1963,3
1963.29,-0.2,-0.07,1963,4
1963.38,-0.13,-0.06,1963,5
1963.46,0.04,0.05,1963,6
1963.54,0.04,0.06,1963,7
1963.63,0.18,0.23,1963,8
1963.71,0.24,0.18,1963,9
1963.79,0.14,0.15,1963,10
1963.88,0.09,0.15,1963,11
1963.96,-0.05,-0.03,1963,12
1964.04,-0.06,-0.09,1964,1
1964.13,-0.12,-0.1,1964,2
1964.21,-0.23,-0.21,1964,3
1964.29,-0.35,-0.32,1964,4
1964.38,-0.32,-0.25,1964,5
1964.46,-0.12,-0.04,1964,6
1964.54,-0.05,-0.04,1964,7
1964.63,-0.29,-0.22,1964,8
1964.71,-0.37,-0.29,1964,9
1964.79,-0.33,-0.31,1964,10
1964.88,-0.2,-0.21,1964,11
1964.96,-0.32,-0.3,1964,12
1965.04,-0.02,-0.08,1965,1
1965.13,-0.17,-0.17,1965,2
1965.21,-0.11,-0.13,1965,3
1965.29,-0.23,-0.19,1965,4
1965.38,-0.08,-0.12,1965,5
1965.46,-0.08,-0.08,1965,6
1965.54,-0.24,-0.13,1965,7
1965.63,-0.06,-0.04,1965,8
1965.71,-0.21,-0.15,1965,9
1965.79,-0.08,-0.05,1965,10
1965.88,-0.08,-0.06,1965,11
1965.96,-0.18,-0.08,1965,12
1966.04,-0.21,-0.19,1966,1
1966.13,-0.06,-0.04,1966,2
1966.21,0.14,0.03,1966,3
1966.29,-0.1,-0.13,1966,4
1966.38,-0.1,-0.12,1966,5
1966.46,-0.02,0.01,1966,6
1966.54,0.09,0.08,1966,7
1966.63,-0.1,-0.09,1966,8
1966.71,-0.04,-0.03,1966,9
1966.79,-0.27,-0.17,1966,10
1966.88,-0.01,-0.01,1966,11
1966.96,-0.06,-0.03,1966,12
1967.04,-0.05,-0.07,1967,1
1967.13,-0.25,-0.21,1967,2
1967.21,0.03,0.05,1967,3
1967.29,-0.08,-0.05,1967,4
1967.38,0.16,0.12,1967,5
1967.46,-0.1,-0.08,1967,6
1967.54,0.07,0.02,1967,7
1967.63,0.05,0.01,1967,8
1967.71,0.01,-0.06,1967,9
1967.79,0.13,0.09,1967,10
1967.88,0.04,-0.05,1967,11
1967.96,-0.02,-0.05,1967,12
1968.04,-0.24,-0.26,1968,1
1968.13,-0.17,-0.14,1968,2
1968.21,0.32,0.2,1968,3
1968.29,-0.11,-0.06,1968,4
1968.38,-0.2,-0.14,1968,5
1968.46,-0.16,-0.09,1968,6
1968.54,-0.15,-0.13,1968,7
1968.63,-0.07,-0.09,1968,8
1968.71,-0.27,-0.19,1968,9
1968.79,0.05,0.09,1968,10
1968.88,-0.1,-0.05,1968,11
1968.96,-0.22,-0.14,1968,12
1969.04,-0.14,-0.11,1969,1
1969.13,-0.3,-0.18,1969,2
1969.21,-0.08,0.01,1969,3
1969.29,0.1,0.17,1969,4
1969.38,0.17,0.18,1969,5
1969.46,0.06,0.03,1969,6
1969.54,-0.05,-0.04,1969,7
1969.63,-0.06,0.04,1969,8
1969.71,0.02,0.08,1969,9
1969.79,0.05,0.09,1969,10
1969.88,0.09,0.12,1969,11
1969.96,0.33,0.25,1969,12
1970.04,0.06,0.08,1970,1
1970.13,0.29,0.22,1970,2
1970.21,0.09,0.06,1970,3
1970.29,0.05,0.05,1970,4
1970.38,-0.05,-0.04,1970,5
1970.46,0.1,-0.03,1970,6
1970.54,0.15,0.01,1970,7
1970.63,-0.11,-0.1,1970,8
1970.71,0.16,0.12,1970,9
1970.79,0.06,0.03,1970,10
1970.88,0.03,0.02,1970,11
1970.96,-0.1,-0.12,1970,12
1971.04,-0.03,-0.03,1971,1
1971.13,-0.08,-0.15,1971,2
1971.21,-0.19,-0.18,1971,3
1971.29,-0.06,-0.07,1971,4
1971.38,-0.07,-0.05,1971,5
1971.46,-0.19,-0.17,1971,6
1971.54,-0.05,-0.08,1971,7
1971.63,0.06,-0.01,1971,8
1971.71,0.01,-0.06,1971,9
1971.79,0.03,-0.04,1971,10
1971.88,-0.13,-0.07,1971,11
1971.96,-0.07,-0.08,1971,12
1972.04,-0.28,-0.23,1972,1
1972.13,-0.32,-0.18,1972,2
1972.21,-0.06,0.02,1972,3
1972.29,-0.04,0.0,1972,4
1972.38,-0.02,-0.03,1972,5
1972.46,0.08,0.04,1972,6
1972.54,0.06,0.01,1972,7
1972.63,0.2,0.16,1972,8
1972.71,0.07,0.02,1972,9
1972.79,-0.04,0.08,1972,10
1972.88,-0.06,0.02,1972,11
1972.96,0.12,0.18,1972,12
1973.04,0.26,0.29,1973,1
1973.13,0.33,0.32,1973,2
1973.21,0.38,0.29,1973,3
1973.29,0.36,0.27,1973,4
1973.38,0.31,0.22,1973,5
1973.46,0.29,0.18,1973,6
1973.54,0.22,0.12,1973,7
1973.63,0.05,0.05,1973,8
1973.71,0.08,0.09,1973,9
1973.79,0.13,0.1,1973,10
1973.88,0.09,0.04,1973,11
1973.96,-0.01,-0.07,1973,12
1974.04,-0.02,-0.1,1974,1
1974.13,-0.23,-0.27,1974,2
1974.21,-0.01,-0.05,1974,3
1974.29,-0.1,-0.12,1974,4
1974.38,-0.01,-0.04,1974,5
1974.46,0.03,-0.05,1974,6
1974.54,0.0,-0.03,1974,7
1974.63,0.12,0.1,1974,8
1974.71,-0.09,-0.08,1974,9
1974.79,-0.04,-0.06,1974,10
1974.88,-0.08,-0.08,1974,11
1974.96,-0.02,-0.08,1974,12
1975.04,0.11,0.1,1975,1
1975.13,0.13,0.08,1975,2
1975.21,0.15,0.12,1975,3
1975.29,0.04,0.04,1975,4
1975.38,0.25,0.16,1975,5
1975.46,0.02,-0.01,1975,6
1975.54,0.06,-0.01,1975,7
1975.63,-0.21,-0.17,1975,8
1975.71,-0.02,-0.03,1975,9
1975.79,-0.05,-0.11,1975,10
1975.88,-0.12,-0.17,1975,11
1975.96,-0.21,-0.17,1975,12
1976.04,-0.03,-0.03,1976,1
1976.13,-0.1,-0.06,1976,2
1976.21,-0.34,-0.22,1976,3
1976.29,-0.21,-0.07,1976,4
1976.38,-0.19,-0.21,1976,5
1976.46,-0.15,-0.12,1976,6
1976.54,-0.18,-0.1,1976,7
1976.63,-0.22,-0.12,1976,8
1976.71,-0.13,-0.07,1976,9
1976.79,-0.36,-0.24,1976,10
1976.88,-0.23,-0.06,1976,11
1976.96,-0.03,0.11,1976,12
1977.04,0.13,0.18,1977,1
1977.13,0.24,0.22,1977,2
1977.21,0.3,0.24,1977,3
1977.29,0.3,0.26,1977,4
1977.38,0.33,0.33,1977,5
1977.46,0.34,0.27,1977,6
1977.54,0.27,0.2,1977,7
1977.63,0.3,0.18,1977,8
1977.71,-0.1,0.02,1977,9
1977.79,-0.02,0.03,1977,10
1977.88,0.21,0.16,1977,11
1977.96,0.12,0.03,1977,12
1978.04,0.1,0.06,1978,1
1978.13,0.15,0.1,1978,2
1978.21,0.24,0.19,1978,3
1978.29,0.29,0.17,1978,4
1978.38,0.24,0.09,1978,5
1978.46,0.0,-0.01,1978,6
1978.54,0.2,0.04,1978,7
1978.63,-0.15,-0.13,1978,8
1978.71,0.13,0.06,1978,9
1978.79,0.04,0.03,1978,10
1978.88,0.1,0.14,1978,11
1978.96,0.08,0.08,1978,12
1979.04,0.09,0.08,1979,1
1979.13,-0.13,-0.1,1979,2
1979.21,0.24,0.19,1979,3
1979.29,0.23,0.15,1979,4
1979.38,-0.02,0.04,1979,5
1979.46,0.18,0.14,1979,6
1979.54,0.03,0.04,1979,7
1979.63,0.14,0.16,1979,8
1979.71,0.26,0.25,1979,9
1979.79,0.26,0.26,1979,10
1979.88,0.28,0.28,1979,11
1979.96,0.51,0.48,1979,12
1980.04,0.34,0.3,1980,1
1980.13,0.38,0.39,1980,2
1980.21,0.37,0.3,1980,3
1980.29,0.37,0.3,1980,4
1980.38,0.46,0.35,1980,5
1980.46,0.23,0.2,1980,6
1980.54,0.3,0.22,1980,7
1980.63,0.25,0.18,1980,8
1980.71,0.33,0.2,1980,9
1980.79,0.16,0.13,1980,10
1980.88,0.27,0.29,1980,11
1980.96,0.18,0.21,1980,12
1981.04,0.59,0.53,1981,1
1981.13,0.53,0.42,1981,2
1981.21,0.64,0.48,1981,3
1981.29,0.48,0.32,1981,4
1981.38,0.32,0.24,1981,5
1981.46,0.32,0.29,1981,6
1981.54,0.46,0.32,1981,7
1981.63,0.53,0.35,1981,8
1981.71,0.23,0.15,1981,9
1981.79,0.05,0.12,1981,10
1981.88,0.21,0.23,1981,11
1981.96,0.45,0.41,1981,12
1982.04,0.02,0.05,1982,1
1982.13,0.23,0.15,1982,2
1982.21,0.01,0.03,1982,3
1982.29,0.08,0.15,1982,4
1982.38,0.26,0.18,1982,5
1982.46,0.01,0.05,1982,6
1982.54,0.19,0.15,1982,7
1982.63,0.01,0.03,1982,8
1982.71,0.04,0.14,1982,9
1982.79,-0.02,0.13,1982,10
1982.88,0.16,0.18,1982,11
1982.96,0.37,0.43,1982,12
1983.04,0.47,0.53,1983,1
1983.13,0.42,0.43,1983,2
1983.21,0.45,0.41,1983,3
1983.29,0.34,0.27,1983,4
1983.38,0.44,0.34,1983,5
1983.46,0.25,0.22,1983,6
1983.54,0.18,0.18,1983,7
1983.63,0.45,0.35,1983,8
1983.71,0.51,0.37,1983,9
1983.79,0.21,0.17,1983,10
1983.88,0.29,0.3,1983,11
1983.96,0.17,0.16,1983,12
1984.04,0.24,0.31,1984,1
1984.13,0.09,0.14,1984,2
1984.21,0.32,0.26,1984,3
1984.29,0.09,0.06,1984,4
1984.38,0.46,0.33,1984,5
1984.46,-0.02,0.02,1984,6
1984.54,0.17,0.19,1984,7
1984.63,0.27,0.19,1984,8
1984.71,0.23,0.21,1984,9
1984.79,0.15,0.14,1984,10
1984.88,0.1,0.07,1984,11
1984.96,-0.02,-0.04,1984,12
1985.04,0.28,0.22,1985,1
1985.13,0.04,-0.04,1985,2
1985.21,0.21,0.17,1985,3
1985.29,0.18,0.12,1985,4
1985.38,0.11,0.14,1985,5
1985.46,0.22,0.15,1985,6
1985.54,0.03,0.04,1985,7
1985.63,0.32,0.16,1985,8
1985.71,0.19,0.13,1985,9
1985.79,0.1,0.11,1985,10
1985.88,0.02,0.05,1985,11
1985.96,0.08,0.14,1985,12
1986.04,0.34,0.26,1986,1
1986.13,0.47,0.37,1986,2
1986.21,0.38,0.3,1986,3
1986.29,0.35,0.22,1986,4
1986.38,0.28,0.21,1986,5
1986.46,0.1,0.12,1986,6
1986.54,0.1,0.11,1986,7
1986.63,0.24,0.16,1986,8
1986.71,0.0,0.03,1986,9
1986.79,0.11,0.15,1986,10
1986.88,0.06,0.1,1986,11
1986.96,0.12,0.13,1986,12
1987.04,0.33,0.32,1987,1
1987.13,0.48,0.43,1987,2
1987.21,0.23,0.18,1987,3
1987.29,0.36,0.24,1987,4
1987.38,0.25,0.25,1987,5
1987.46,0.49,0.35,1987,6
1987.54,0.48,0.4,1987,7
1987.63,0.17,0.25,1987,8
1987.71,0.29,0.35,1987,9
1987.79,0.36,0.32,1987,10
1987.88,0.33,0.29,1987,11
1987.96,0.51,0.46,1987,12
1988.04,0.61,0.56,1988,1
1988.13,0.47,0.44,1988,2
1988.21,0.6,0.51,1988,3
1988.29,0.46,0.42,1988,4
1988.38,0.6,0.44,1988,5
1988.46,0.51,0.4,1988,6
1988.54,0.41,0.33,1988,7
1988.63,0.45,0.39,1988,8
1988.71,0.49,0.37,1988,9
1988.79,0.51,0.38,1988,10
1988.88,0.15,0.12,1988,11
1988.96,0.31,0.29,1988,12
1989.04,0.17,0.12,1989,1
1989.13,0.35,0.3,1989,2
1989.21,0.39,0.36,1989,3
1989.29,0.36,0.29,1989,4
1989.38,0.17,0.17,1989,5
1989.46,0.13,0.15,1989,6
1989.54,0.45,0.34,1989,7
1989.63,0.44,0.33,1989,8
1989.71,0.46,0.34,1989,9
1989.79,0.38,0.29,1989,10
1989.88,0.2,0.19,1989,11
1989.96,0.4,0.37,1989,12
1990.04,0.5,0.41,1990,1
1990.13,0.45,0.43,1990,2
1990.21,0.91,0.8,1990,3
1990.29,0.63,0.56,1990,4
1990.38,0.49,0.45,1990,5
1990.46,0.4,0.37,1990,6
1990.54,0.67,0.45,1990,7
1990.63,0.45,0.34,1990,8
1990.71,0.19,0.23,1990,9
1990.79,0.56,0.44,1990,10
1990.88,0.56,0.46,1990,11
1990.96,0.47,0.4,1990,12
1991.04,0.49,0.42,1991,1
1991.13,0.6,0.49,1991,2
1991.21,0.45,0.35,1991,3
1991.29,0.66,0.51,1991,4
1991.38,0.37,0.34,1991,5
1991.46,0.62,0.53,1991,6
1991.54,0.58,0.47,1991,7
1991.63,0.53,0.39,1991,8
1991.71,0.52,0.44,1991,9
1991.79,0.31,0.28,1991,10
1991.88,0.29,0.29,1991,11
1991.96,0.3,0.32,1991,12
1992.04,0.54,0.47,1992,1
1992.13,0.38,0.4,1992,2
1992.21,0.54,0.48,1992,3
1992.29,0.27,0.27,1992,4
1992.38,0.24,0.31,1992,5
1992.46,0.29,0.25,1992,6
1992.54,0.0,0.08,1992,7
1992.63,0.12,0.08,1992,8
1992.71,-0.08,-0.01,1992,9
1992.79,0.02,0.06,1992,10
1992.88,0.0,0.02,1992,11
1992.96,0.24,0.21,1992,12
1993.04,0.31,0.34,1993,1
1993.13,0.36,0.37,1993,2
1993.21,0.32,0.36,1993,3
1993.29,0.31,0.27,1993,4
1993.38,0.27,0.28,1993,5
1993.46,0.19,0.22,1993,6
1993.54,0.32,0.25,1993,7
1993.63,0.17,0.11,1993,8
1993.71,0.13,0.11,1993,9
1993.79,0.26,0.22,1993,10
1993.88,0.06,0.03,1993,11
1993.96,0.25,0.18,1993,12
1994.04,0.37,0.26,1994,1
1994.13,0.08,0.02,1994,2
1994.21,0.28,0.29,1994,3
1994.29,0.53,0.41,1994,4
1994.38,0.25,0.27,1994,5
1994.46,0.56,0.43,1994,6
1994.54,0.38,0.3,1994,7
1994.63,0.27,0.21,1994,8
1994.71,0.4,0.31,1994,9
1994.79,0.42,0.42,1994,10
1994.88,0.49,0.44,1994,11
1994.96,0.47,0.38,1994,12
1995.04,0.56,0.52,1995,1
1995.13,0.92,0.79,1995,2
1995.21,0.5,0.46,1995,3
1995.29,0.56,0.46,1995,4
1995.38,0.39,0.27,1995,5
1995.46,0.53,0.43,1995,6
1995.54,0.62,0.45,1995,7
1995.63,0.58,0.45,1995,8
1995.71,0.45,0.33,1995,9
1995.79,0.64,0.47,1995,10
1995.88,0.49,0.44,1995,11
1995.96,0.33,0.25,1995,12
1996.04,0.38,0.24,1996,1
1996.13,0.56,0.45,1996,2
1996.21,0.44,0.32,1996,3
1996.29,0.44,0.33,1996,4
1996.38,0.35,0.27,1996,5
1996.46,0.37,0.28,1996,6
1996.54,0.56,0.36,1996,7
1996.63,0.73,0.48,1996,8
1996.71,0.41,0.25,1996,9
1996.79,0.34,0.19,1996,10
1996.88,0.46,0.38,1996,11
1996.96,0.48,0.37,1996,12
1997.04,0.46,0.3,1997,1
1997.13,0.57,0.4,1997,2
1997.21,0.6,0.51,1997,3
1997.29,0.33,0.33,1997,4
1997.38,0.39,0.34,1997,5
1997.46,0.69,0.54,1997,6
1997.54,0.32,0.33,1997,7
1997.63,0.45,0.41,1997,8
1997.71,0.49,0.52,1997,9
1997.79,0.61,0.6,1997,10
1997.88,0.72,0.64,1997,11
1997.96,0.7,0.59,1997,12
1998.04,0.7,0.58,1998,1
1998.13,1.16,0.87,1998,2
1998.21,0.83,0.63,1998,3
1998.29,0.77,0.63,1998,4
1998.38,0.9,0.67,1998,5
1998.46,1.02,0.77,1998,6
1998.54,0.88,0.65,1998,7
1998.63,0.86,0.65,1998,8
1998.71,0.6,0.41,1998,9
1998.79,0.62,0.41,1998,10
1998.88,0.6,0.43,1998,11
1998.96,0.79,0.54,1998,12
1999.04,0.73,0.48,1999,1
1999.13,0.86,0.63,1999,2
1999.21,0.45,0.32,1999,3
1999.29,0.39,0.32,1999,4
1999.38,0.43,0.26,1999,5
1999.46,0.59,0.36,1999,6
1999.54,0.65,0.38,1999,7
1999.63,0.55,0.31,1999,8
1999.71,0.63,0.38,1999,9
1999.79,0.54,0.33,1999,10
1999.88,0.55,0.37,1999,11
1999.96,0.47,0.41,1999,12
2000.04,0.28,0.24,2000,1
2000.13,0.76,0.55,2000,2
2000.21,0.65,0.55,2000,3
2000.29,0.72,0.56,2000,4
2000.38,0.5,0.35,2000,5
2000.46,0.65,0.4,2000,6
2000.54,0.6,0.39,2000,7
2000.63,0.62,0.42,2000,8
2000.71,0.55,0.38,2000,9
2000.79,0.33,0.26,2000,10
2000.88,0.46,0.3,2000,11
2000.96,0.44,0.28,2000,12
2001.04,0.67,0.45,2001,1
2001.13,0.64,0.44,2001,2
2001.21,0.7,0.55,2001,3
2001.29,0.6,0.5,2001,4
2001.38,0.72,0.57,2001,5
2001.46,0.64,0.52,2001,6
2001.54,0.69,0.59,2001,7
2001.63,0.65,0.49,2001,8
2001.71,0.67,0.51,2001,9
2001.79,0.62,0.5,2001,10
2001.88,0.85,0.72,2001,11
2001.96,0.74,0.55,2001,12
2002.04,1.01,0.77,2002,1
2002.13,0.95,0.78,2002,2
2002.21,1.08,0.88,2002,3
2002.29,0.81,0.58,2002,4
2002.38,0.86,0.64,2002,5
2002.46,0.61,0.52,2002,6
2002.54,0.83,0.61,2002,7
2002.63,0.72,0.53,2002,8
2002.71,0.86,0.63,2002,9
2002.79,0.65,0.53,2002,10
2002.88,0.69,0.58,2002,11
2002.96,0.57,0.44,2002,12
2003.04,0.96,0.74,2003,1
2003.13,0.78,0.58,2003,2
2003.21,0.74,0.59,2003,3
2003.29,0.69,0.55,2003,4
2003.38,0.85,0.6,2003,5
2003.46,0.65,0.47,2003,6
2003.54,0.74,0.58,2003,7
2003.63,0.8,0.64,2003,8
2003.71,0.79,0.62,2003,9
2003.79,0.83,0.72,2003,10
2003.88,0.64,0.53,2003,11
2003.96,0.89,0.75,2003,12
2004.04,0.71,0.58,2004,1
2004.13,0.94,0.72,2004,2
2004.21,0.78,0.63,2004,3
2004.29,0.76,0.61,2004,4
2004.38,0.46,0.37,2004,5
2004.46,0.7,0.44,2004,6
2004.54,0.24,0.26,2004,7
2004.63,0.62,0.45,2004,8
2004.71,0.55,0.49,2004,9
2004.79,0.77,0.6,2004,10
2004.88,0.91,0.72,2004,11
2004.96,0.71,0.5,2004,12
2005.04,0.97,0.74,2005,1
2005.13,0.88,0.6,2005,2
2005.21,0.99,0.74,2005,3
2005.29,0.83,0.67,2005,4
2005.38,0.77,0.63,2005,5
2005.46,0.82,0.64,2005,6
2005.54,0.78,0.61,2005,7
2005.63,0.76,0.6,2005,8
2005.71,0.97,0.71,2005,9
2005.79,0.99,0.74,2005,10
2005.88,0.92,0.73,2005,11
2005.96,0.92,0.68,2005,12
2006.04,0.8,0.56,2006,1
2006.13,0.99,0.73,2006,2
2006.21,0.83,0.63,2006,3
2006.29,0.65,0.46,2006,4
2006.38,0.51,0.47,2006,5
2006.46,0.82,0.66,2006,6
2006.54,0.71,0.53,2006,7
2006.63,0.88,0.7,2006,8
2006.71,0.81,0.65,2006,9
2006.79,0.91,0.69,2006,10
2006.88,0.93,0.73,2006,11
2006.96,0.98,0.79,2006,12
2007.04,1.28,1.02,2007,1
2007.13,0.93,0.7,2007,2
2007.21,0.98,0.72,2007,3
2007.29,1.0,0.76,2007,4
2007.38,0.98,0.68,2007,5
2007.46,0.75,0.61,2007,6
2007.54,0.81,0.59,2007,7
2007.63,0.88,0.6,2007,8
2007.71,0.85,0.59,2007,9
2007.79,0.83,0.58,2007,10
2007.88,0.75,0.59,2007,11
2007.96,0.75,0.49,2007,12
2008.04,0.53,0.3,2008,1
2008.13,0.49,0.38,2008,2
2008.21,0.92,0.74,2008,3
2008.29,0.69,0.53,2008,4
2008.38,0.61,0.49,2008,5
2008.46,0.57,0.48,2008,6
2008.54,0.78,0.6,2008,7
2008.63,0.45,0.45,2008,8
2008.71,0.81,0.61,2008,9
2008.79,0.83,0.66,2008,10
2008.88,0.86,0.68,2008,11
2008.96,0.7,0.54,2008,12
2009.04,0.79,0.64,2009,1
2009.13,0.79,0.52,2009,2
2009.21,0.69,0.53,2009,3
2009.29,0.78,0.61,2009,4
2009.38,0.85,0.65,2009,5
2009.46,0.83,0.64,2009,6
2009.54,0.94,0.73,2009,7
2009.63,0.93,0.69,2009,8
2009.71,0.94,0.71,2009,9
2009.79,0.74,0.65,2009,10
2009.88,0.89,0.79,2009,11
2009.96,0.76,0.67,2009,12
2010.04,0.96,0.75,2010,1
2010.13,1.07,0.83,2010,2
2010.21,1.13,0.92,2010,3
2010.29,0.98,0.84,2010,4
2010.38,1.0,0.75,2010,5
2010.46,0.93,0.68,2010,6
2010.54,0.79,0.63,2010,7
2010.63,0.87,0.67,2010,8
2010.71,0.91,0.63,2010,9
2010.79,0.96,0.7,2010,10
2010.88,1.05,0.81,2010,11
2010.96,0.63,0.44,2010,12
2011.04,0.8,0.52,2011,1
2011.13,0.63,0.48,2011,2
2011.21,0.8,0.65,2011,3
2011.29,0.83,0.65,2011,4
2011.38,0.66,0.53,2011,5
2011.46,0.81,0.62,2011,6
2011.54,0.91,0.7,2011,7
2011.63,1.06,0.75,2011,8
2011.71,0.82,0.56,2011,9
2011.79,0.87,0.65,2011,10
2011.88,0.84,0.58,2011,11
2011.96,0.9,0.6,2011,12
2012.04,0.68,0.49,2012,1
2012.13,0.64,0.49,2012,2
2012.21,0.77,0.58,2012,3
2012.29,0.89,0.72,2012,4
2012.38,1.04,0.78,2012,5
2012.46,0.74,0.64,2012,6
2012.54,0.65,0.58,2012,7
2012.63,0.9,0.66,2012,8
2012.71,0.89,0.72,2012,9
2012.79,1.0,0.79,2012,10
2012.88,1.0,0.78,2012,11
2012.96,0.76,0.53,2012,12
2013.04,1.04,0.71,2013,1
2013.13,0.86,0.62,2013,2
2013.21,0.88,0.67,2013,3
2013.29,0.7,0.53,2013,4
2013.38,0.76,0.61,2013,5
2013.46,1.0,0.69,2013,6
2013.54,0.77,0.6,2013,7
2013.63,0.91,0.69,2013,8
2013.71,1.06,0.76,2013,9
2013.79,0.9,0.69,2013,10
2013.88,0.97,0.83,2013,11
2013.96,0.94,0.69,2013,12
2014.04,1.01,0.76,2014,1
2014.13,0.72,0.55,2014,2
2014.21,0.86,0.78,2014,3
2014.29,0.95,0.79,2014,4
2014.38,1.09,0.86,2014,5
2014.46,0.81,0.67,2014,6
2014.54,0.75,0.58,2014,7
2014.63,0.92,0.83,2014,8
2014.71,1.11,0.87,2014,9
2014.79,1.04,0.8,2014,10
2014.88,0.85,0.66,2014,11
2014.96,0.97,0.78,2014,12
2015.04,1.03,0.85,2015,1
2015.13,1.15,0.9,2015,2
2015.21,1.17,0.96,2015,3
2015.29,0.82,0.76,2015,4
2015.38,0.91,0.8,2015,5
2015.46,0.94,0.81,2015,6
2015.54,0.73,0.73,2015,7
2015.63,0.93,0.79,2015,8
2015.71,0.89,0.85,2015,9
2015.79,1.28,1.09,2015,10
2015.88,1.28,1.06,2015,11
2015.96,1.48,1.16,2015,12
2016.04,1.37,1.17,2016,1
2016.13,1.71,1.36,2016,2
2016.21,1.7,1.35,2016,3
2016.29,1.39,1.1,2016,4
2016.38,1.25,0.95,2016,5
2016.46,0.98,0.79,2016,6
2016.54,1.06,0.84,2016,7
2016.63,1.38,1.02,2016,8
2016.71,1.2,0.9,2016,9
2016.79,1.24,0.88,2016,10
2016.88,1.31,0.92,2016,11
2016.96,1.25,0.86,2016,12
2017.04,1.25,1.02,2017,1
2017.13,1.48,1.13,2017,2
2017.21,1.45,1.16,2017,3
2017.29,1.18,0.94,2017,4
2017.38,1.27,0.91,2017,5
2017.46,0.84,0.71,2017,6
2017.54,1.1,0.81,2017,7
2017.63,1.12,0.87,2017,8
2017.71,1.04,0.76,2017,9
2017.79,1.24,0.9,2017,10
2017.88,1.15,0.88,2017,11
2017.96,1.25,0.93,2017,12
2018.04,1.15,0.82,2018,1
2018.13,1.18,0.85,2018,2
2018.21,1.18,0.88,2018,3
2018.29,1.24,0.88,2018,4
2018.38,1.05,0.82,2018,5
2018.46,0.98,0.76,2018,6
2018.54,1.17,0.82,2018,7
2018.63,1.03,0.77,2018,8
2018.71,1.02,0.8,2018,9
2018.79,1.22,1.02,2018,10
2018.88,1.08,0.82,2018,11
2018.96,1.27,0.91,2018,12
2019.04,1.23,0.93,2019,1
2019.13,1.27,0.95,2019,2
2019.21,1.46,1.17,2019,3
2019.29,1.32,1.01,2019,4
2019.38,1.14,0.85,2019,5
2019.46,1.14,0.9,2019,6
2019.54,1.21,0.94,2019,7
2019.63,1.17,0.95,2019,8
2019.71,1.15,0.92,2019,9
2019.79,1.29,1.01,2019,10
2019.88,1.34,0.99,2019,11
2019.96,1.48,1.09,2019,12
2020.04,1.5,1.17,2020,1
2020.13,1.64,1.24,2020,2
2020.21,1.43,1.17,2020,3
2020.29,1.46,1.12,2020,4
2020.38,1.32,1.01,2020,5
2020.46,1.24,0.91,2020,6
2020.54,1.09,0.89,2020,7
2020.63,1.06,0.87,2020,8
2020.71,1.34,0.98,2020,9
2020.79,1.22,0.88,2020,10
2020.88,1.57,1.1,2020,11
2020.96,1.21,0.81,2020,12
2021.04,1.18,0.81,2021,1
2021.13,0.91,0.64,2021,2
2021.21,1.24,0.88,2021,3
2021.29,1.01,0.75,2021,4
2021.38,0.98,0.78,2021,5
2021.46,1.12,0.84,2021,6
2021.54,1.23,0.92,2021,7
2021.63,1.14,0.82,2021,8
2021.71,1.3,0.92,2021,9
2021.79,1.39,1.0,2021,10
2021.88,1.18,0.93,2021,11
2021.96,1.28,0.85,2021,12
2022.04,1.19,0.91,2022,1
2022.13,1.14,0.89,2022,2
2022.21,1.43,1.05,2022,3
2022.29,1.06,0.83,2022,4
2022.38,1.11,0.83,2022,5
2022.46,1.2,0.92,2022,6
2022.54,1.24,0.93,2022,7
2022.63,1.22,0.95,2022,8
2022.71,1.15,0.89,2022,9
2022.79,1.29,0.97,2022,10
2022.88,0.94,0.72,2022,11
2022.96,1.07,0.79,2022,12
2023.04,1.15,0.86,2023,1
2023.13,1.27,0.97,2023,2
2023.21,1.43,1.2,2023,3
2023.29,1.27,0.99,2023,4
2023.38,1.14,0.93,2023,5
2023.46,1.34,1.07,2023,6
2023.54,1.44,1.18,2023,7
2023.63,1.38,1.19,2023,8
2023.71,1.84,1.47,2023,9
